Date,Timestamp_MS,Year,Jakarta_Day_LST_C,Jakarta_Night_LST_C,Bandung_Highland_Day_LST_C,Bandung_Highland_Night_LST_C,IKN_Nusantara_Day_LST_C,IKN_Nusantara_Night_LST_C,UHI_Thermal_Delta_C,QA_Status
2020-01-01,1577836800000,2020,32.6,23.6,24.2,14.4,29.0,20.5,8.4,Data Sintetis
2020-01-17,1579219200000,2020,33.3,24.0,24.6,14.3,29.5,20.9,8.7,Data Sintetis
2020-02-02,1580601600000,2020,33.4,23.7,24.5,14.6,30.1,20.8,8.9,Data Sintetis
2020-02-18,1581984000000,2020,33.7,24.5,25.3,14.6,30.2,21.3,8.4,Data Sintetis
2020-03-05,1583366400000,2020,33.9,24.1,25.1,15.1,30.1,21.5,8.8,Data Sintetis
2020-03-21,1584748800000,2020,34.7,24.3,25.9,15.4,30.6,21.5,8.8,Data Sintetis
2020-04-06,1586131200000,2020,34.8,24.9,26.4,15.2,31.1,21.8,8.4,Data Sintetis
2020-04-22,1587513600000,2020,35.2,25.1,26.1,15.9,31.8,22.0,9.1,Data Sintetis
2020-05-08,1588896000000,2020,35.8,25.0,27.3,15.9,31.5,22.1,8.5,Data Sintetis
2020-05-24,1590278400000,2020,35.5,25.8,27.1,16.2,32.1,22.5,8.4,Data Sintetis
2020-06-09,1591660800000,2020,36.4,25.3,26.8,16.5,31.8,22.5,9.6,Data Sintetis
2020-06-25,1593043200000,2020,36.0,25.2,27.2,16.6,32.0,22.4,8.8,Data Sintetis
2020-07-11,1594425600000,2020,35.6,25.6,27.3,15.9,31.8,22.1,8.3,Data Sintetis
2020-07-27,1595808000000,2020,35.3,25.3,26.2,15.9,31.5,22.2,9.1,Data Sintetis
2020-08-12,1597190400000,2020,35.0,24.4,26.3,15.7,31.6,21.8,8.7,Data Sintetis
2020-08-28,1598572800000,2020,34.3,24.8,25.7,15.4,30.6,21.5,8.6,Data Sintetis
2020-09-13,1599955200000,2020,33.8,24.2,25.2,14.8,30.8,21.6,8.6,Data Sintetis
2020-09-29,1601337600000,2020,33.3,23.9,24.8,14.9,30.2,21.1,8.5,Data Sintetis
2020-10-15,1602720000000,2020,33.0,23.9,25.0,14.2,30.1,20.9,8.0,Data Sintetis
2020-10-31,1604102400000,2020,33.0,23.4,24.1,14.2,29.0,20.6,8.9,Data Sintetis
2020-11-16,1605484800000,2020,32.4,23.8,23.4,14.0,29.3,20.9,9.0,Data Sintetis
2020-12-02,1606867200000,2020,32.4,23.7,23.8,14.4,29.6,20.8,8.6,Data Sintetis
2020-12-18,1608249600000,2020,32.8,23.0,23.7,14.4,29.1,20.6,9.1,Data Sintetis
2021-01-03,1609632000000,2021,32.6,24.1,24.2,14.5,29.3,20.6,8.4,Data Sintetis
2021-01-19,1611014400000,2021,33.0,23.8,24.6,14.5,29.7,20.4,8.4,Data Sintetis
2021-02-04,1612396800000,2021,33.3,23.8,24.5,14.7,30.3,20.9,8.8,Data Sintetis
2021-02-20,1613779200000,2021,33.1,23.6,24.8,14.6,30.2,21.3,8.3,Data Sintetis
2021-03-08,1615161600000,2021,34.4,24.4,26.0,15.5,30.5,21.2,8.4,Data Sintetis
2021-03-24,1616544000000,2021,35.0,25.0,25.9,15.8,31.3,21.6,9.1,Data Sintetis
2021-04-09,1617926400000,2021,34.9,24.5,26.0,16.1,31.0,22.0,8.9,Data Sintetis
2021-04-25,1619308800000,2021,35.6,24.5,26.3,16.0,31.6,22.3,9.3,Data Sintetis
2021-05-11,1620691200000,2021,35.8,25.5,26.2,16.3,32.2,22.1,9.6,Data Sintetis
2021-05-27,1622073600000,2021,35.9,25.1,26.7,16.2,32.4,22.6,9.2,Data Sintetis
2021-06-12,1623456000000,2021,36.0,24.9,26.6,16.6,32.1,22.2,9.4,Data Sintetis
2021-06-28,1624838400000,2021,35.3,24.8,26.4,16.5,31.5,22.5,8.9,Data Sintetis
2021-07-14,1626220800000,2021,35.5,25.4,26.7,16.3,31.6,21.6,8.8,Data Sintetis
2021-07-30,1627603200000,2021,34.9,25.2,26.2,16.1,31.6,22.1,8.7,Data Sintetis
2021-08-15,1628985600000,2021,34.6,24.9,26.5,15.3,31.2,22.0,8.1,Data Sintetis
2021-08-31,1630368000000,2021,34.7,24.7,25.9,15.1,31.1,21.4,8.8,Data Sintetis
2021-09-16,1631750400000,2021,33.7,24.1,25.3,14.6,30.3,21.4,8.4,Data Sintetis
2021-10-02,1633132800000,2021,33.4,24.0,24.9,14.9,30.0,20.9,8.5,Data Sintetis
2021-10-18,1634515200000,2021,33.0,24.2,24.2,14.5,30.4,20.8,8.8,Data Sintetis
2021-11-03,1635897600000,2021,32.3,24.0,23.3,14.4,29.4,20.9,9.0,Data Sintetis
2021-11-19,1637280000000,2021,32.0,23.5,23.7,14.7,29.6,20.5,8.3,Data Sintetis
2021-12-05,1638662400000,2021,32.3,23.0,24.0,13.9,29.3,20.5,8.3,Data Sintetis
2021-12-21,1640044800000,2021,32.3,23.9,24.1,14.2,29.0,21.2,8.2,Data Sintetis
2022-01-06,1641427200000,2022,32.2,24.1,23.8,14.6,28.4,20.6,8.4,Data Sintetis
2022-01-22,1642809600000,2022,32.6,24.0,24.3,14.6,29.6,20.6,8.3,Data Sintetis
2022-02-07,1644192000000,2022,33.3,23.7,24.8,14.5,30.3,20.8,8.5,Data Sintetis
2022-02-23,1645574400000,2022,33.2,24.5,25.3,15.1,30.3,21.4,7.9,Data Sintetis
2022-03-11,1646956800000,2022,34.3,24.5,25.8,15.0,30.8,21.5,8.5,Data Sintetis
2022-03-27,1648339200000,2022,34.6,24.3,26.3,15.2,30.7,21.7,8.3,Data Sintetis
2022-04-12,1649721600000,2022,34.7,24.5,26.5,15.5,31.1,21.6,8.2,Data Sintetis
2022-04-28,1651104000000,2022,35.0,25.1,26.3,15.9,31.1,21.7,8.7,Data Sintetis
2022-05-14,1652486400000,2022,35.8,25.3,27.2,15.9,31.7,22.3,8.6,Data Sintetis
2022-05-30,1653868800000,2022,36.3,25.3,26.5,15.9,31.7,22.3,9.8,Data Sintetis
2022-06-15,1655251200000,2022,36.7,25.5,26.7,16.3,32.0,22.2,10.0,Data Sintetis
2022-07-01,1656633600000,2022,35.4,25.4,26.8,15.9,31.4,22.4,8.6,Data Sintetis
2022-07-17,1658016000000,2022,35.8,25.0,27.2,16.0,31.9,22.2,8.6,Data Sintetis
2022-08-02,1659398400000,2022,34.8,25.1,26.4,16.0,31.2,21.4,8.4,Data Sintetis
2022-08-18,1660780800000,2022,34.7,25.2,25.5,16.1,31.4,21.7,9.2,Data Sintetis
2022-09-03,1662163200000,2022,34.1,24.9,25.4,15.3,31.4,21.4,8.7,Data Sintetis
2022-09-19,1663545600000,2022,33.5,24.4,25.2,14.9,30.6,21.5,8.3,Data Sintetis
2022-10-05,1664928000000,2022,33.6,24.1,25.1,14.9,29.9,20.6,8.5,Data Sintetis
2022-10-21,1666310400000,2022,32.8,24.4,24.4,14.2,29.5,20.5,8.4,Data Sintetis
2022-11-06,1667692800000,2022,32.9,23.8,24.4,14.3,29.4,20.8,8.5,Data Sintetis
2022-11-22,1669075200000,2022,32.1,23.6,24.5,14.8,29.0,20.7,7.6,Data Sintetis
2022-12-08,1670457600000,2022,32.4,23.3,23.9,14.0,29.7,20.2,8.5,Data Sintetis
2022-12-24,1671840000000,2022,32.1,23.7,23.7,14.0,29.2,20.7,8.4,Data Sintetis
2023-01-09,1673222400000,2023,32.2,23.8,24.0,14.3,29.7,20.7,8.2,Data Sintetis
2023-01-25,1674604800000,2023,33.1,23.7,24.6,14.5,29.7,21.1,8.5,Data Sintetis
2023-02-10,1675987200000,2023,33.4,24.4,24.7,14.6,29.5,20.7,8.7,Data Sintetis
2023-02-26,1677369600000,2023,33.9,24.7,25.0,15.3,30.7,21.3,8.9,Data Sintetis
2023-03-14,1678752000000,2023,34.7,24.8,26.1,14.6,30.6,21.3,8.6,Data Sintetis
2023-03-30,1680134400000,2023,35.2,24.5,26.2,15.6,31.4,21.6,9.0,Data Sintetis
2023-04-15,1681516800000,2023,35.0,24.9,25.9,16.0,31.1,21.8,9.1,Data Sintetis
2023-05-01,1682899200000,2023,35.9,25.1,26.6,16.0,32.8,21.8,9.3,Data Sintetis
2023-05-17,1684281600000,2023,35.3,25.2,27.0,15.4,32.2,21.6,8.3,Data Sintetis
2023-06-02,1685664000000,2023,36.2,25.5,26.5,16.7,31.8,22.3,9.7,Data Sintetis
2023-06-18,1687046400000,2023,36.4,25.9,26.8,16.7,32.8,22.4,9.6,Data Sintetis
2023-07-04,1688428800000,2023,35.5,25.3,27.0,16.2,31.8,22.1,8.5,Data Sintetis
2023-07-20,1689811200000,2023,35.6,25.0,25.9,16.4,31.9,21.8,9.7,Data Sintetis
2023-08-05,1691193600000,2023,34.8,25.0,25.9,15.9,31.6,21.7,8.9,Data Sintetis
2023-08-21,1692576000000,2023,34.3,24.2,26.0,15.5,30.6,21.6,8.3,Data Sintetis
2023-09-06,1693958400000,2023,34.3,24.5,25.6,15.2,30.0,21.5,8.7,Data Sintetis
2023-09-22,1695340800000,2023,34.0,24.3,25.1,14.9,30.1,21.2,8.9,Data Sintetis
2023-10-08,1696723200000,2023,33.5,24.1,24.6,14.8,30.0,20.8,8.9,Data Sintetis
2023-10-24,1698105600000,2023,33.1,24.0,24.4,14.2,29.3,20.8,8.7,Data Sintetis
2023-11-09,1699488000000,2023,33.1,23.7,24.1,14.2,29.7,20.5,9.0,Data Sintetis
2023-11-25,1700870400000,2023,31.7,23.7,23.7,14.1,29.3,20.5,8.0,Data Sintetis
2023-12-11,1702252800000,2023,33.1,23.5,23.6,14.0,29.2,20.8,9.5,Data Sintetis
2023-12-27,1703635200000,2023,33.3,23.7,23.9,14.2,29.4,20.7,9.4,Data Sintetis
2024-01-12,1705017600000,2024,32.3,23.5,23.9,14.1,29.5,21.0,8.4,Data Sintetis
2024-01-28,1706400000000,2024,32.8,24.0,24.2,14.4,29.6,20.8,8.6,Data Sintetis
2024-02-13,1707782400000,2024,33.0,23.9,24.5,14.8,30.1,21.1,8.5,Data Sintetis
2024-02-29,1709164800000,2024,33.8,24.1,25.4,15.1,29.8,21.2,8.4,Data Sintetis
2024-03-16,1710547200000,2024,34.0,24.7,25.4,15.0,30.5,21.7,8.6,Data Sintetis
2024-04-01,1711929600000,2024,34.9,24.9,26.4,15.7,31.4,21.7,8.5,Data Sintetis
2024-04-17,1713312000000,2024,35.9,24.8,25.6,15.7,31.4,21.7,10.3,Data Sintetis
2024-05-03,1714694400000,2024,35.4,24.7,26.0,15.8,31.5,22.3,9.4,Data Sintetis
2024-05-19,1716076800000,2024,36.2,25.3,26.6,16.1,32.2,22.2,9.6,Data Sintetis
2024-06-04,1717459200000,2024,35.9,25.6,26.8,15.9,32.3,22.3,9.1,Data Sintetis
2024-06-20,1718841600000,2024,36.2,25.2,26.6,15.7,32.3,22.1,9.6,Data Sintetis
2024-07-06,1720224000000,2024,35.9,25.3,27.1,16.1,32.0,21.9,8.8,Data Sintetis
2024-07-22,1721606400000,2024,36.3,24.9,26.5,16.1,31.9,22.0,9.8,Data Sintetis
2024-08-07,1722988800000,2024,34.8,25.0,26.3,16.3,31.8,22.1,8.5,Data Sintetis
2024-08-23,1724371200000,2024,34.7,24.9,26.0,15.4,31.1,21.8,8.7,Data Sintetis
2024-09-08,1725753600000,2024,34.3,24.6,25.3,15.5,30.7,21.3,9.0,Data Sintetis
2024-09-24,1727136000000,2024,33.8,24.1,26.0,15.1,29.9,21.4,7.8,Data Sintetis
2024-10-10,1728518400000,2024,33.6,24.1,24.3,14.7,30.4,20.8,9.3,Data Sintetis
2024-10-26,1729900800000,2024,32.3,24.1,24.1,13.9,29.7,20.8,8.2,Data Sintetis
2024-11-11,1731283200000,2024,32.4,23.7,24.0,14.1,29.2,20.7,8.4,Data Sintetis
2024-11-27,1732665600000,2024,32.8,23.1,23.9,14.0,28.8,20.6,8.9,Data Sintetis
2024-12-13,1734048000000,2024,32.5,23.8,23.7,13.9,29.5,20.6,8.8,Data Sintetis
2024-12-29,1735430400000,2024,32.4,23.5,23.8,14.3,29.2,20.8,8.6,Data Sintetis
2025-01-14,1736812800000,2025,32.8,24.0,23.7,13.9,29.1,20.8,9.1,Data Sintetis
2025-01-30,1738195200000,2025,33.5,24.0,24.7,15.0,29.5,20.7,8.8,Data Sintetis
2025-02-15,1739577600000,2025,32.9,24.2,24.7,15.0,29.9,20.8,8.2,Data Sintetis
2025-03-03,1740960000000,2025,34.3,24.2,25.4,15.3,31.1,21.4,8.9,Data Sintetis
2025-03-19,1742342400000,2025,34.7,24.4,25.7,15.7,31.2,21.4,9.0,Data Sintetis
2025-04-04,1743724800000,2025,34.8,24.9,25.9,15.9,31.1,21.5,8.9,Data Sintetis
2025-04-20,1745107200000,2025,35.4,24.6,26.3,16.0,31.9,21.9,9.1,Data Sintetis
2025-05-06,1746489600000,2025,36.2,25.0,27.0,16.3,31.7,21.8,9.2,Data Sintetis
2025-05-22,1747872000000,2025,36.4,25.5,26.5,16.4,32.0,21.9,9.9,Data Sintetis
2025-06-07,1749254400000,2025,35.9,25.3,27.2,16.8,32.4,22.2,8.7,Data Sintetis
2025-06-23,1750636800000,2025,36.4,25.4,26.8,16.1,32.4,22.4,9.6,Data Sintetis
2025-07-09,1752019200000,2025,35.7,25.0,26.6,16.1,32.2,22.0,9.1,Data Sintetis
2025-07-25,1753401600000,2025,35.9,25.1,26.6,16.0,31.7,22.0,9.3,Data Sintetis
2025-08-10,1754784000000,2025,35.6,25.0,25.9,15.7,31.1,21.6,9.7,Data Sintetis
2025-08-26,1756166400000,2025,35.4,24.2,25.7,15.3,31.0,21.7,9.7,Data Sintetis
2025-09-11,1757548800000,2025,34.7,24.3,25.5,15.0,30.3,21.4,9.2,Data Sintetis
2025-09-27,1758931200000,2025,33.6,23.6,25.1,14.7,30.8,21.1,8.5,Data Sintetis
2025-10-13,1760313600000,2025,33.1,24.1,24.9,15.1,29.8,20.8,8.2,Data Sintetis
2025-10-29,1761696000000,2025,33.7,24.0,23.8,14.3,29.6,20.9,9.9,Data Sintetis
2025-11-14,1763078400000,2025,32.1,23.3,23.8,14.1,29.4,20.7,8.3,Data Sintetis
2025-11-30,1764460800000,2025,32.7,23.5,24.1,14.1,29.5,20.6,8.6,Data Sintetis
2025-12-16,1765843200000,2025,31.8,23.0,24.2,14.0,29.8,20.9,7.6,Data Sintetis
2026-01-01,1767225600000,2026,32.2,24.1,23.8,13.9,29.1,20.7,8.4,Data Sintetis
2026-01-17,1768608000000,2026,32.2,23.8,24.9,14.6,29.1,20.7,7.3,Data Sintetis
2026-02-02,1769990400000,2026,32.8,23.9,24.5,14.7,30.1,21.0,8.3,Data Sintetis
2026-02-18,1771372800000,2026,33.3,24.3,24.9,15.4,30.1,21.0,8.4,Data Sintetis
2026-03-06,1772755200000,2026,33.9,24.1,24.2,15.1,30.4,21.6,9.7,Data Sintetis
2026-03-22,1774137600000,2026,34.4,24.8,25.9,15.3,30.9,21.5,8.5,Data Sintetis
2026-04-07,1775520000000,2026,35.1,25.2,26.1,15.8,31.1,21.8,9.0,Data Sintetis
2026-04-23,1776902400000,2026,35.5,25.3,26.4,15.7,31.3,22.1,9.1,Data Sintetis
2026-05-09,1778284800000,2026,36.8,25.2,26.8,16.6,32.1,21.9,10.0,Data Sintetis
2026-05-25,1779667200000,2026,35.7,25.0,26.6,16.5,31.6,21.9,9.1,Data Sintetis
2026-06-10,1781049600000,2026,36.1,25.3,27.0,16.2,32.1,22.0,9.1,Data Sintetis
2026-06-26,1782432000000,2026,35.4,25.4,26.8,16.2,31.9,22.2,8.6,Data Sintetis
2026-07-12,1783814400000,2026,35.3,25.9,27.0,16.2,31.7,22.1,8.3,Data Sintetis
2026-07-28,1785196800000,2026,35.5,25.3,26.1,15.8,31.7,21.8,9.4,Data Sintetis
2026-08-13,1786579200000,2026,35.4,24.3,25.9,15.8,31.8,21.7,9.5,Data Sintetis
2026-08-29,1787961600000,2026,34.5,24.8,25.8,15.6,31.2,21.9,8.7,Data Sintetis
2026-09-14,1789344000000,2026,33.6,24.9,25.3,15.6,30.5,21.6,8.3,Data Sintetis
2026-09-30,1790726400000,2026,33.9,24.6,24.8,15.0,30.6,21.5,9.1,Data Sintetis
